"ref_area.label","source.label","indicator.label","sex.label","classif1.label","time","obs_value","obs_status.label","note_classif.label","note_indicator.label","note_source.label"
"Romania","LFS-ADJ - EU Labour Force Survey adjusted series","Unemployment rate by sex and age (%)","Sex: Total","Age (Youth, adults): 15+","2025M01",5.7,,"Adjustments: Estimation based on labour force survey and registered unemployment figures","Frequency: Monthly","Age coverage - maximum age: 74 years old"
"Romania","LFS-ADJ - EU Labour Force Survey adjusted series","Unemployment rate by sex and age (%)","Sex: Total","Age (Youth, adults): 15+","2024M12",6.1,,"Adjustments: Estimation based on labour force survey and registered unemployment figures","Frequency: Monthly","Age coverage - maximum age: 74 years old"
"Romania","LFS-ADJ - EU Labour Force Survey adjusted series","Unemployment rate by sex and age (%)","Sex: Total","Age (Youth, adults): 15+","2024M11",5.7,,"Adjustments: Estimation based on labour force survey and registered unemployment figures","Frequency: Monthly","Age coverage - maximum age: 74 years old"
"Romania","LFS-ADJ - EU Labour Force Survey adjusted series","Unemployment rate by sex and age (%)","Sex: Total","Age (Youth, adults): 15+","2024M10",5.8,,"Adjustments: Estimation based on labour force survey and registered unemployment figures","Frequency: Monthly","Age coverage - maximum age: 74 years old"
"Romania","LFS-ADJ - EU Labour Force Survey adjusted series","Unemployment rate by sex and age (%)","Sex: Total","Age (Youth, adults): 15+","2024M09",5.6,,"Adjustments: Estimation based on labour force survey and registered unemployment figures","Frequency: Monthly","Age coverage - maximum age: 74 years old"
"Romania","LFS-ADJ - EU Labour Force Survey adjusted series","Unemployment rate by sex and age (%)","Sex: Total","Age (Youth, adults): 15+","2024M08",5.5,,"Adjustments: Estimation based on labour force survey and registered unemployment figures","Frequency: Monthly","Age coverage - maximum age: 74 years old"
"Romania","LFS-ADJ - EU Labour Force Survey adjusted series","Unemployment rate by sex and age (%)","Sex: Total","Age (Youth, adults): 15+","2024M07",5.7,,"Adjustments: Estimation based on labour force survey and registered unemployment figures","Frequency: Monthly","Age coverage - maximum age: 74 years old"
"Romania","LFS-ADJ - EU Labour Force Survey adjusted series","Unemployment rate by sex and age (%)","Sex: Total","Age (Youth, adults): 15+","2024M06",4.9,,"Adjustments: Estimation based on labour force survey and registered unemployment figures","Frequency: Monthly","Age coverage - maximum age: 74 years old"
"Romania","LFS-ADJ - EU Labour Force Survey adjusted series","Unemployment rate by sex and age (%)","Sex: Total","Age (Youth, adults): 15+","2024M05",5.1,,"Adjustments: Estimation based on labour force survey and registered unemployment figures","Frequency: Monthly","Age coverage - maximum age: 74 years old"
"Romania","LFS-ADJ - EU Labour Force Survey adjusted series","Unemployment rate by sex and age (%)","Sex: Total","Age (Youth, adults): 15+","2024M04",5,,"Adjustments: Estimation based on labour force survey and registered unemployment figures","Frequency: Monthly","Age coverage - maximum age: 74 years old"
"Romania","LFS-ADJ - EU Labour Force Survey adjusted series","Unemployment rate by sex and age (%)","Sex: Total","Age (Youth, adults): 15+","2024M03",5.1,,"Adjustments: Estimation based on labour force survey and registered unemployment figures","Frequency: Monthly","Age coverage - maximum age: 74 years old"
"Romania","LFS-ADJ - EU Labour Force Survey adjusted series","Unemployment rate by sex and age (%)","Sex: Total","Age (Youth, adults): 15+","2024M02",5.2,,"Adjustments: Estimation based on labour force survey and registered unemployment figures","Frequency: Monthly","Age coverage - maximum age: 74 years old"
"Romania","LFS-ADJ - EU Labour Force Survey adjusted series","Unemployment rate by sex and age (%)","Sex: Total","Age (Youth, adults): 15+","2024M01",5.5,,"Adjustments: Estimation based on labour force survey and registered unemployment figures","Frequency: Monthly","Age coverage - maximum age: 74 years old"
"Romania","LFS-ADJ - EU Labour Force Survey adjusted series","Unemployment rate by sex and age (%)","Sex: Total","Age (Youth, adults): 15+","2023M12",6,,"Adjustments: Estimation based on labour force survey and registered unemployment figures","Frequency: Monthly","Age coverage - maximum age: 74 years old"
"Romania","LFS-ADJ - EU Labour Force Survey adjusted series","Unemployment rate by sex and age (%)","Sex: Total","Age (Youth, adults): 15+","2023M11",5.8,,"Adjustments: Estimation based on labour force survey and registered unemployment figures","Frequency: Monthly","Age coverage - maximum age: 74 years old"
"Romania","LFS-ADJ - EU Labour Force Survey adjusted series","Unemployment rate by sex and age (%)","Sex: Total","Age (Youth, adults): 15+","2023M10",5.7,,"Adjustments: Estimation based on labour force survey and registered unemployment figures","Frequency: Monthly","Age coverage - maximum age: 74 years old"
"Romania","LFS-ADJ - EU Labour Force Survey adjusted series","Unemployment rate by sex and age (%)","Sex: Total","Age (Youth, adults): 15+","2023M09",5.3,,"Adjustments: Estimation based on labour force survey and registered unemployment figures","Frequency: Monthly","Age coverage - maximum age: 74 years old"
"Romania","LFS-ADJ - EU Labour Force Survey adjusted series","Unemployment rate by sex and age (%)","Sex: Total","Age (Youth, adults): 15+","2023M08",5.3,,"Adjustments: Estimation based on labour force survey and registered unemployment figures","Frequency: Monthly","Age coverage - maximum age: 74 years old"
"Romania","LFS-ADJ - EU Labour Force Survey adjusted series","Unemployment rate by sex and age (%)","Sex: Total","Age (Youth, adults): 15+","2023M07",5.5,,"Adjustments: Estimation based on labour force survey and registered unemployment figures","Frequency: Monthly","Age coverage - maximum age: 74 years old"
"Romania","LFS-ADJ - EU Labour Force Survey adjusted series","Unemployment rate by sex and age (%)","Sex: Total","Age (Youth, adults): 15+","2023M06",5.4,,"Adjustments: Estimation based on labour force survey and registered unemployment figures","Frequency: Monthly","Age coverage - maximum age: 74 years old"
"Romania","LFS-ADJ - EU Labour Force Survey adjusted series","Unemployment rate by sex and age (%)","Sex: Total","Age (Youth, adults): 15+","2023M05",5.4,,"Adjustments: Estimation based on labour force survey and registered unemployment figures","Frequency: Monthly","Age coverage - maximum age: 74 years old"
"Romania","LFS-ADJ - EU Labour Force Survey adjusted series","Unemployment rate by sex and age (%)","Sex: Total","Age (Youth, adults): 15+","2023M04",5.4,,"Adjustments: Estimation based on labour force survey and registered unemployment figures","Frequency: Monthly","Age coverage - maximum age: 74 years old"
"Romania","LFS-ADJ - EU Labour Force Survey adjusted series","Unemployment rate by sex and age (%)","Sex: Total","Age (Youth, adults): 15+","2023M03",5.6,,"Adjustments: Estimation based on labour force survey and registered unemployment figures","Frequency: Monthly","Age coverage - maximum age: 74 years old"
"Romania","LFS-ADJ - EU Labour Force Survey adjusted series","Unemployment rate by sex and age (%)","Sex: Total","Age (Youth, adults): 15+","2023M02",5.6,,"Adjustments: Estimation based on labour force survey and registered unemployment figures","Frequency: Monthly","Age coverage - maximum age: 74 years old"
"Romania","LFS-ADJ - EU Labour Force Survey adjusted series","Unemployment rate by sex and age (%)","Sex: Total","Age (Youth, adults): 15+","2023M01",5.8,,"Adjustments: Estimation based on labour force survey and registered unemployment figures","Frequency: Monthly","Age coverage - maximum age: 74 years old"
"Romania","LFS-ADJ - EU Labour Force Survey adjusted series","Unemployment rate by sex and age (%)","Sex: Total","Age (Youth, adults): 15+","2022M12",5.9,,"Adjustments: Estimation based on labour force survey and registered unemployment figures","Frequency: Monthly","Age coverage - maximum age: 74 years old"
"Romania","LFS-ADJ - EU Labour Force Survey adjusted series","Unemployment rate by sex and age (%)","Sex: Total","Age (Youth, adults): 15+","2022M11",5.8,,"Adjustments: Estimation based on labour force survey and registered unemployment figures","Frequency: Monthly","Age coverage - maximum age: 74 years old"
"Romania","LFS-ADJ - EU Labour Force Survey adjusted series","Unemployment rate by sex and age (%)","Sex: Total","Age (Youth, adults): 15+","2022M10",5.7,,"Adjustments: Estimation based on labour force survey and registered unemployment figures","Frequency: Monthly","Age coverage - maximum age: 74 years old"
"Romania","LFS-ADJ - EU Labour Force Survey adjusted series","Unemployment rate by sex and age (%)","Sex: Total","Age (Youth, adults): 15+","2022M09",5.4,,"Adjustments: Estimation based on labour force survey and registered unemployment figures","Frequency: Monthly","Age coverage - maximum age: 74 years old"
"Romania","LFS-ADJ - EU Labour Force Survey adjusted series","Unemployment rate by sex and age (%)","Sex: Total","Age (Youth, adults): 15+","2022M08",5.3,,"Adjustments: Estimation based on labour force survey and registered unemployment figures","Frequency: Monthly","Age coverage - maximum age: 74 years old"
"Romania","LFS-ADJ - EU Labour Force Survey adjusted series","Unemployment rate by sex and age (%)","Sex: Total","Age (Youth, adults): 15+","2022M07",5.4,,"Adjustments: Estimation based on labour force survey and registered unemployment figures","Frequency: Monthly","Age coverage - maximum age: 74 years old"
"Romania","LFS-ADJ - EU Labour Force Survey adjusted series","Unemployment rate by sex and age (%)","Sex: Total","Age (Youth, adults): 15+","2022M06",5.1,,"Adjustments: Estimation based on labour force survey and registered unemployment figures","Frequency: Monthly","Age coverage - maximum age: 74 years old"
"Romania","LFS-ADJ - EU Labour Force Survey adjusted series","Unemployment rate by sex and age (%)","Sex: Total","Age (Youth, adults): 15+","2022M05",5.4,,"Adjustments: Estimation based on labour force survey and registered unemployment figures","Frequency: Monthly","Age coverage - maximum age: 74 years old"
"Romania","LFS-ADJ - EU Labour Force Survey adjusted series","Unemployment rate by sex and age (%)","Sex: Total","Age (Youth, adults): 15+","2022M04",5.4,,"Adjustments: Estimation based on labour force survey and registered unemployment figures","Frequency: Monthly","Age coverage - maximum age: 74 years old"
"Romania","LFS-ADJ - EU Labour Force Survey adjusted series","Unemployment rate by sex and age (%)","Sex: Total","Age (Youth, adults): 15+","2022M03",5.8,,"Adjustments: Estimation based on labour force survey and registered unemployment figures","Frequency: Monthly","Age coverage - maximum age: 74 years old"
"Romania","LFS-ADJ - EU Labour Force Survey adjusted series","Unemployment rate by sex and age (%)","Sex: Total","Age (Youth, adults): 15+","2022M02",6.1,,"Adjustments: Estimation based on labour force survey and registered unemployment figures","Frequency: Monthly","Age coverage - maximum age: 74 years old"
"Romania","LFS-ADJ - EU Labour Force Survey adjusted series","Unemployment rate by sex and age (%)","Sex: Total","Age (Youth, adults): 15+","2022M01",6.2,,"Adjustments: Estimation based on labour force survey and registered unemployment figures","Frequency: Monthly","Age coverage - maximum age: 74 years old"
"Romania","LFS-ADJ - EU Labour Force Survey adjusted series","Unemployment rate by sex and age (%)","Sex: Total","Age (Youth, adults): 15+","2021M12",6.2,,"Adjustments: Estimation based on labour force survey and registered unemployment figures","Frequency: Monthly","Age coverage - maximum age: 74 years old"
"Romania","LFS-ADJ - EU Labour Force Survey adjusted series","Unemployment rate by sex and age (%)","Sex: Total","Age (Youth, adults): 15+","2021M11",5.8,,"Adjustments: Estimation based on labour force survey and registered unemployment figures","Frequency: Monthly","Age coverage - maximum age: 74 years old"
"Romania","LFS-ADJ - EU Labour Force Survey adjusted series","Unemployment rate by sex and age (%)","Sex: Total","Age (Youth, adults): 15+","2021M10",5.7,,"Adjustments: Estimation based on labour force survey and registered unemployment figures","Frequency: Monthly","Age coverage - maximum age: 74 years old"
"Romania","LFS-ADJ - EU Labour Force Survey adjusted series","Unemployment rate by sex and age (%)","Sex: Total","Age (Youth, adults): 15+","2021M09",5.3,,"Adjustments: Estimation based on labour force survey and registered unemployment figures","Frequency: Monthly","Age coverage - maximum age: 74 years old"
"Romania","LFS-ADJ - EU Labour Force Survey adjusted series","Unemployment rate by sex and age (%)","Sex: Total","Age (Youth, adults): 15+","2021M08",5.4,,"Adjustments: Estimation based on labour force survey and registered unemployment figures","Frequency: Monthly","Age coverage - maximum age: 74 years old"
"Romania","LFS-ADJ - EU Labour Force Survey adjusted series","Unemployment rate by sex and age (%)","Sex: Total","Age (Youth, adults): 15+","2021M07",5.3,,"Adjustments: Estimation based on labour force survey and registered unemployment figures","Frequency: Monthly","Age coverage - maximum age: 74 years old"
"Romania","LFS-ADJ - EU Labour Force Survey adjusted series","Unemployment rate by sex and age (%)","Sex: Total","Age (Youth, adults): 15+","2021M06",4.8,,"Adjustments: Estimation based on labour force survey and registered unemployment figures","Frequency: Monthly","Age coverage - maximum age: 74 years old"
"Romania","LFS-ADJ - EU Labour Force Survey adjusted series","Unemployment rate by sex and age (%)","Sex: Total","Age (Youth, adults): 15+","2021M05",5.1,,"Adjustments: Estimation based on labour force survey and registered unemployment figures","Frequency: Monthly","Age coverage - maximum age: 74 years old"
"Romania","LFS-ADJ - EU Labour Force Survey adjusted series","Unemployment rate by sex and age (%)","Sex: Total","Age (Youth, adults): 15+","2021M04",5.4,,"Adjustments: Estimation based on labour force survey and registered unemployment figures","Frequency: Monthly","Age coverage - maximum age: 74 years old"
"Romania","LFS-ADJ - EU Labour Force Survey adjusted series","Unemployment rate by sex and age (%)","Sex: Total","Age (Youth, adults): 15+","2021M03",6.1,,"Adjustments: Estimation based on labour force survey and registered unemployment figures","Frequency: Monthly","Age coverage - maximum age: 74 years old"
"Romania","LFS-ADJ - EU Labour Force Survey adjusted series","Unemployment rate by sex and age (%)","Sex: Total","Age (Youth, adults): 15+","2021M02",6.2,,"Adjustments: Estimation based on labour force survey and registered unemployment figures","Frequency: Monthly","Age coverage - maximum age: 74 years old"
"Romania","LFS-ADJ - EU Labour Force Survey adjusted series","Unemployment rate by sex and age (%)","Sex: Total","Age (Youth, adults): 15+","2021M01",6,,"Adjustments: Estimation based on labour force survey and registered unemployment figures","Frequency: Monthly","Age coverage - maximum age: 74 years old"
"Romania","LFS-ADJ - EU Labour Force Survey adjusted series","Unemployment rate by sex and age (%)","Sex: Total","Age (Youth, adults): 15+","2020M12",6.5,,"Adjustments: Estimation based on labour force survey and registered unemployment figures","Frequency: Monthly","Age coverage - maximum age: 74 years old"
"Romania","LFS-ADJ - EU Labour Force Survey adjusted series","Unemployment rate by sex and age (%)","Sex: Total","Age (Youth, adults): 15+","2020M11",6.3,,"Adjustments: Estimation based on labour force survey and registered unemployment figures","Frequency: Monthly","Age coverage - maximum age: 74 years old"
"Romania","LFS-ADJ - EU Labour Force Survey adjusted series","Unemployment rate by sex and age (%)","Sex: Total","Age (Youth, adults): 15+","2020M10",6.1,,"Adjustments: Estimation based on labour force survey and registered unemployment figures","Frequency: Monthly","Age coverage - maximum age: 74 years old"
"Romania","LFS-ADJ - EU Labour Force Survey adjusted series","Unemployment rate by sex and age (%)","Sex: Total","Age (Youth, adults): 15+","2020M09",6.1,,"Adjustments: Estimation based on labour force survey and registered unemployment figures","Frequency: Monthly","Age coverage - maximum age: 74 years old"
"Romania","LFS-ADJ - EU Labour Force Survey adjusted series","Unemployment rate by sex and age (%)","Sex: Total","Age (Youth, adults): 15+","2020M08",6.3,,"Adjustments: Estimation based on labour force survey and registered unemployment figures","Frequency: Monthly","Age coverage - maximum age: 74 years old"
"Romania","LFS-ADJ - EU Labour Force Survey adjusted series","Unemployment rate by sex and age (%)","Sex: Total","Age (Youth, adults): 15+","2020M07",6.5,,"Adjustments: Estimation based on labour force survey and registered unemployment figures","Frequency: Monthly","Age coverage - maximum age: 74 years old"
"Romania","LFS-ADJ - EU Labour Force Survey adjusted series","Unemployment rate by sex and age (%)","Sex: Total","Age (Youth, adults): 15+","2020M06",6.6,,"Adjustments: Estimation based on labour force survey and registered unemployment figures","Frequency: Monthly","Age coverage - maximum age: 74 years old"
"Romania","LFS-ADJ - EU Labour Force Survey adjusted series","Unemployment rate by sex and age (%)","Sex: Total","Age (Youth, adults): 15+","2020M05",6.5,,"Adjustments: Estimation based on labour force survey and registered unemployment figures","Frequency: Monthly","Age coverage - maximum age: 74 years old"
"Romania","LFS-ADJ - EU Labour Force Survey adjusted series","Unemployment rate by sex and age (%)","Sex: Total","Age (Youth, adults): 15+","2020M04",6.3,,"Adjustments: Estimation based on labour force survey and registered unemployment figures","Frequency: Monthly","Age coverage - maximum age: 74 years old"
"Romania","LFS-ADJ - EU Labour Force Survey adjusted series","Unemployment rate by sex and age (%)","Sex: Total","Age (Youth, adults): 15+","2020M03",5.8,,"Adjustments: Estimation based on labour force survey and registered unemployment figures","Frequency: Monthly","Age coverage - maximum age: 74 years old"
"Romania","LFS-ADJ - EU Labour Force Survey adjusted series","Unemployment rate by sex and age (%)","Sex: Total","Age (Youth, adults): 15+","2020M02",5.3,,"Adjustments: Estimation based on labour force survey and registered unemployment figures","Frequency: Monthly","Age coverage - maximum age: 74 years old"
"Romania","LFS-ADJ - EU Labour Force Survey adjusted series","Unemployment rate by sex and age (%)","Sex: Total","Age (Youth, adults): 15+","2020M01",4.6,,"Adjustments: Estimation based on labour force survey and registered unemployment figures","Frequency: Monthly","Age coverage - maximum age: 74 years old"
"Romania","LFS-ADJ - EU Labour Force Survey adjusted series","Unemployment rate by sex and age (%)","Sex: Total","Age (Youth, adults): 15+","2019M12",5.1,,"Adjustments: Estimation based on labour force survey and registered unemployment figures","Frequency: Monthly","Age coverage - maximum age: 74 years old"
"Romania","LFS-ADJ - EU Labour Force Survey adjusted series","Unemployment rate by sex and age (%)","Sex: Total","Age (Youth, adults): 15+","2019M11",4.9,,"Adjustments: Estimation based on labour force survey and registered unemployment figures","Frequency: Monthly","Age coverage - maximum age: 74 years old"
"Romania","LFS-ADJ - EU Labour Force Survey adjusted series","Unemployment rate by sex and age (%)","Sex: Total","Age (Youth, adults): 15+","2019M10",4.7,,"Adjustments: Estimation based on labour force survey and registered unemployment figures","Frequency: Monthly","Age coverage - maximum age: 74 years old"
"Romania","LFS-ADJ - EU Labour Force Survey adjusted series","Unemployment rate by sex and age (%)","Sex: Total","Age (Youth, adults): 15+","2019M09",5,,"Adjustments: Estimation based on labour force survey and registered unemployment figures","Frequency: Monthly","Age coverage - maximum age: 74 years old"
"Romania","LFS-ADJ - EU Labour Force Survey adjusted series","Unemployment rate by sex and age (%)","Sex: Total","Age (Youth, adults): 15+","2019M08",4.6,,"Adjustments: Estimation based on labour force survey and registered unemployment figures","Frequency: Monthly","Age coverage - maximum age: 74 years old"
"Romania","LFS-ADJ - EU Labour Force Survey adjusted series","Unemployment rate by sex and age (%)","Sex: Total","Age (Youth, adults): 15+","2019M07",4.9,,"Adjustments: Estimation based on labour force survey and registered unemployment figures","Frequency: Monthly","Age coverage - maximum age: 74 years old"
"Romania","LFS-ADJ - EU Labour Force Survey adjusted series","Unemployment rate by sex and age (%)","Sex: Total","Age (Youth, adults): 15+","2019M06",4.6,,"Adjustments: Estimation based on labour force survey and registered unemployment figures","Frequency: Monthly","Age coverage - maximum age: 74 years old"
"Romania","LFS-ADJ - EU Labour Force Survey adjusted series","Unemployment rate by sex and age (%)","Sex: Total","Age (Youth, adults): 15+","2019M05",4.7,,"Adjustments: Estimation based on labour force survey and registered unemployment figures","Frequency: Monthly","Age coverage - maximum age: 74 years old"
"Romania","LFS-ADJ - EU Labour Force Survey adjusted series","Unemployment rate by sex and age (%)","Sex: Total","Age (Youth, adults): 15+","2019M04",5,,"Adjustments: Estimation based on labour force survey and registered unemployment figures","Frequency: Monthly","Age coverage - maximum age: 74 years old"
"Romania","LFS-ADJ - EU Labour Force Survey adjusted series","Unemployment rate by sex and age (%)","Sex: Total","Age (Youth, adults): 15+","2019M03",4.9,,"Adjustments: Estimation based on labour force survey and registered unemployment figures","Frequency: Monthly","Age coverage - maximum age: 74 years old"
"Romania","LFS-ADJ - EU Labour Force Survey adjusted series","Unemployment rate by sex and age (%)","Sex: Total","Age (Youth, adults): 15+","2019M02",5.1,,"Adjustments: Estimation based on labour force survey and registered unemployment figures","Frequency: Monthly","Age coverage - maximum age: 74 years old"
"Romania","LFS-ADJ - EU Labour Force Survey adjusted series","Unemployment rate by sex and age (%)","Sex: Total","Age (Youth, adults): 15+","2019M01",5.2,,"Adjustments: Estimation based on labour force survey and registered unemployment figures","Frequency: Monthly","Age coverage - maximum age: 74 years old"
"Romania","LFS-ADJ - EU Labour Force Survey adjusted series","Unemployment rate by sex and age (%)","Sex: Total","Age (Youth, adults): 15+","2018M12",5.1,,"Adjustments: Estimation based on labour force survey and registered unemployment figures","Frequency: Monthly","Age coverage - maximum age: 74 years old"
"Romania","LFS-ADJ - EU Labour Force Survey adjusted series","Unemployment rate by sex and age (%)","Sex: Total","Age (Youth, adults): 15+","2018M11",5.2,,"Adjustments: Estimation based on labour force survey and registered unemployment figures","Frequency: Monthly","Age coverage - maximum age: 74 years old"
"Romania","LFS-ADJ - EU Labour Force Survey adjusted series","Unemployment rate by sex and age (%)","Sex: Total","Age (Youth, adults): 15+","2018M10",5.1,,"Adjustments: Estimation based on labour force survey and registered unemployment figures","Frequency: Monthly","Age coverage - maximum age: 74 years old"
"Romania","LFS-ADJ - EU Labour Force Survey adjusted series","Unemployment rate by sex and age (%)","Sex: Total","Age (Youth, adults): 15+","2018M09",4.7,,"Adjustments: Estimation based on labour force survey and registered unemployment figures","Frequency: Monthly","Age coverage - maximum age: 74 years old"
"Romania","LFS-ADJ - EU Labour Force Survey adjusted series","Unemployment rate by sex and age (%)","Sex: Total","Age (Youth, adults): 15+","2018M08",5,,"Adjustments: Estimation based on labour force survey and registered unemployment figures","Frequency: Monthly","Age coverage - maximum age: 74 years old"
"Romania","LFS-ADJ - EU Labour Force Survey adjusted series","Unemployment rate by sex and age (%)","Sex: Total","Age (Youth, adults): 15+","2018M07",5,,"Adjustments: Estimation based on labour force survey and registered unemployment figures","Frequency: Monthly","Age coverage - maximum age: 74 years old"
"Romania","LFS-ADJ - EU Labour Force Survey adjusted series","Unemployment rate by sex and age (%)","Sex: Total","Age (Youth, adults): 15+","2018M06",5.1,,"Adjustments: Estimation based on labour force survey and registered unemployment figures","Frequency: Monthly","Age coverage - maximum age: 74 years old"
"Romania","LFS-ADJ - EU Labour Force Survey adjusted series","Unemployment rate by sex and age (%)","Sex: Total","Age (Youth, adults): 15+","2018M05",5.2,,"Adjustments: Estimation based on labour force survey and registered unemployment figures","Frequency: Monthly","Age coverage - maximum age: 74 years old"
"Romania","LFS-ADJ - EU Labour Force Survey adjusted series","Unemployment rate by sex and age (%)","Sex: Total","Age (Youth, adults): 15+","2018M04",5.4,,"Adjustments: Estimation based on labour force survey and registered unemployment figures","Frequency: Monthly","Age coverage - maximum age: 74 years old"
"Romania","LFS-ADJ - EU Labour Force Survey adjusted series","Unemployment rate by sex and age (%)","Sex: Total","Age (Youth, adults): 15+","2018M03",5.7,,"Adjustments: Estimation based on labour force survey and registered unemployment figures","Frequency: Monthly","Age coverage - maximum age: 74 years old"
"Romania","LFS-ADJ - EU Labour Force Survey adjusted series","Unemployment rate by sex and age (%)","Sex: Total","Age (Youth, adults): 15+","2018M02",5.7,,"Adjustments: Estimation based on labour force survey and registered unemployment figures","Frequency: Monthly","Age coverage - maximum age: 74 years old"
"Romania","LFS-ADJ - EU Labour Force Survey adjusted series","Unemployment rate by sex and age (%)","Sex: Total","Age (Youth, adults): 15+","2018M01",5.8,,"Adjustments: Estimation based on labour force survey and registered unemployment figures","Frequency: Monthly","Age coverage - maximum age: 74 years old"
"Romania","LFS-ADJ - EU Labour Force Survey adjusted series","Unemployment rate by sex and age (%)","Sex: Total","Age (Youth, adults): 15+","2017M12",5.8,,"Adjustments: Estimation based on labour force survey and registered unemployment figures","Frequency: Monthly","Age coverage - maximum age: 74 years old"
"Romania","LFS-ADJ - EU Labour Force Survey adjusted series","Unemployment rate by sex and age (%)","Sex: Total","Age (Youth, adults): 15+","2017M11",5.9,,"Adjustments: Estimation based on labour force survey and registered unemployment figures","Frequency: Monthly","Age coverage - maximum age: 74 years old"
"Romania","LFS-ADJ - EU Labour Force Survey adjusted series","Unemployment rate by sex and age (%)","Sex: Total","Age (Youth, adults): 15+","2017M10",5.7,,"Adjustments: Estimation based on labour force survey and registered unemployment figures","Frequency: Monthly","Age coverage - maximum age: 74 years old"
"Romania","LFS-ADJ - EU Labour Force Survey adjusted series","Unemployment rate by sex and age (%)","Sex: Total","Age (Youth, adults): 15+","2017M09",5.9,,"Adjustments: Estimation based on labour force survey and registered unemployment figures","Frequency: Monthly","Age coverage - maximum age: 74 years old"
"Romania","LFS-ADJ - EU Labour Force Survey adjusted series","Unemployment rate by sex and age (%)","Sex: Total","Age (Youth, adults): 15+","2017M08",5.9,,"Adjustments: Estimation based on labour force survey and registered unemployment figures","Frequency: Monthly","Age coverage - maximum age: 74 years old"
"Romania","LFS-ADJ - EU Labour Force Survey adjusted series","Unemployment rate by sex and age (%)","Sex: Total","Age (Youth, adults): 15+","2017M07",6,,"Adjustments: Estimation based on labour force survey and registered unemployment figures","Frequency: Monthly","Age coverage - maximum age: 74 years old"
"Romania","LFS-ADJ - EU Labour Force Survey adjusted series","Unemployment rate by sex and age (%)","Sex: Total","Age (Youth, adults): 15+","2017M06",6,,"Adjustments: Estimation based on labour force survey and registered unemployment figures","Frequency: Monthly","Age coverage - maximum age: 74 years old"
"Romania","LFS-ADJ - EU Labour Force Survey adjusted series","Unemployment rate by sex and age (%)","Sex: Total","Age (Youth, adults): 15+","2017M05",6.3,,"Adjustments: Estimation based on labour force survey and registered unemployment figures","Frequency: Monthly","Age coverage - maximum age: 74 years old"
"Romania","LFS-ADJ - EU Labour Force Survey adjusted series","Unemployment rate by sex and age (%)","Sex: Total","Age (Youth, adults): 15+","2017M04",6,,"Adjustments: Estimation based on labour force survey and registered unemployment figures","Frequency: Monthly","Age coverage - maximum age: 74 years old"
"Romania","LFS-ADJ - EU Labour Force Survey adjusted series","Unemployment rate by sex and age (%)","Sex: Total","Age (Youth, adults): 15+","2017M03",6.6,,"Adjustments: Estimation based on labour force survey and registered unemployment figures","Frequency: Monthly","Age coverage - maximum age: 74 years old"
"Romania","LFS-ADJ - EU Labour Force Survey adjusted series","Unemployment rate by sex and age (%)","Sex: Total","Age (Youth, adults): 15+","2017M02",6.6,,"Adjustments: Estimation based on labour force survey and registered unemployment figures","Frequency: Monthly","Age coverage - maximum age: 74 years old"
"Romania","LFS-ADJ - EU Labour Force Survey adjusted series","Unemployment rate by sex and age (%)","Sex: Total","Age (Youth, adults): 15+","2017M01",6.4,,"Adjustments: Estimation based on labour force survey and registered unemployment figures","Frequency: Monthly","Age coverage - maximum age: 74 years old"
"Romania","LFS-ADJ - EU Labour Force Survey adjusted series","Unemployment rate by sex and age (%)","Sex: Total","Age (Youth, adults): 15+","2016M12",6.8,,"Adjustments: Estimation based on labour force survey and registered unemployment figures","Frequency: Monthly","Age coverage - maximum age: 74 years old"
"Romania","LFS-ADJ - EU Labour Force Survey adjusted series","Unemployment rate by sex and age (%)","Sex: Total","Age (Youth, adults): 15+","2016M11",6.6,,"Adjustments: Estimation based on labour force survey and registered unemployment figures","Frequency: Monthly","Age coverage - maximum age: 74 years old"
"Romania","LFS-ADJ - EU Labour Force Survey adjusted series","Unemployment rate by sex and age (%)","Sex: Total","Age (Youth, adults): 15+","2016M10",6.5,,"Adjustments: Estimation based on labour force survey and registered unemployment figures","Frequency: Monthly","Age coverage - maximum age: 74 years old"
"Romania","LFS-ADJ - EU Labour Force Survey adjusted series","Unemployment rate by sex and age (%)","Sex: Total","Age (Youth, adults): 15+","2016M09",7.1,,"Adjustments: Estimation based on labour force survey and registered unemployment figures","Frequency: Monthly","Age coverage - maximum age: 74 years old"
"Romania","LFS-ADJ - EU Labour Force Survey adjusted series","Unemployment rate by sex and age (%)","Sex: Total","Age (Youth, adults): 15+","2016M08",6.9,,"Adjustments: Estimation based on labour force survey and registered unemployment figures","Frequency: Monthly","Age coverage - maximum age: 74 years old"
"Romania","LFS-ADJ - EU Labour Force Survey adjusted series","Unemployment rate by sex and age (%)","Sex: Total","Age (Youth, adults): 15+","2016M07",7,,"Adjustments: Estimation based on labour force survey and registered unemployment figures","Frequency: Monthly","Age coverage - maximum age: 74 years old"
"Romania","LFS-ADJ - EU Labour Force Survey adjusted series","Unemployment rate by sex and age (%)","Sex: Total","Age (Youth, adults): 15+","2016M06",7.1,,"Adjustments: Estimation based on labour force survey and registered unemployment figures","Frequency: Monthly","Age coverage - maximum age: 74 years old"
"Romania","LFS-ADJ - EU Labour Force Survey adjusted series","Unemployment rate by sex and age (%)","Sex: Total","Age (Youth, adults): 15+","2016M05",7.2,,"Adjustments: Estimation based on labour force survey and registered unemployment figures","Frequency: Monthly","Age coverage - maximum age: 74 years old"
"Romania","LFS-ADJ - EU Labour Force Survey adjusted series","Unemployment rate by sex and age (%)","Sex: Total","Age (Youth, adults): 15+","2016M04",7.4,,"Adjustments: Estimation based on labour force survey and registered unemployment figures","Frequency: Monthly","Age coverage - maximum age: 74 years old"
"Romania","LFS-ADJ - EU Labour Force Survey adjusted series","Unemployment rate by sex and age (%)","Sex: Total","Age (Youth, adults): 15+","2016M03",7.9,,"Adjustments: Estimation based on labour force survey and registered unemployment figures","Frequency: Monthly","Age coverage - maximum age: 74 years old"
"Romania","LFS-ADJ - EU Labour Force Survey adjusted series","Unemployment rate by sex and age (%)","Sex: Total","Age (Youth, adults): 15+","2016M02",7.8,,"Adjustments: Estimation based on labour force survey and registered unemployment figures","Frequency: Monthly","Age coverage - maximum age: 74 years old"
"Romania","LFS-ADJ - EU Labour Force Survey adjusted series","Unemployment rate by sex and age (%)","Sex: Total","Age (Youth, adults): 15+","2016M01",8.1,,"Adjustments: Estimation based on labour force survey and registered unemployment figures","Frequency: Monthly","Age coverage - maximum age: 74 years old"
"Romania","LFS-ADJ - EU Labour Force Survey adjusted series","Unemployment rate by sex and age (%)","Sex: Total","Age (Youth, adults): 15+","2015M12",8.3,,"Adjustments: Estimation based on labour force survey and registered unemployment figures","Frequency: Monthly","Age coverage - maximum age: 74 years old"
"Romania","LFS-ADJ - EU Labour Force Survey adjusted series","Unemployment rate by sex and age (%)","Sex: Total","Age (Youth, adults): 15+","2015M11",8.2,,"Adjustments: Estimation based on labour force survey and registered unemployment figures","Frequency: Monthly","Age coverage - maximum age: 74 years old"
"Romania","LFS-ADJ - EU Labour Force Survey adjusted series","Unemployment rate by sex and age (%)","Sex: Total","Age (Youth, adults): 15+","2015M10",7.9,,"Adjustments: Estimation based on labour force survey and registered unemployment figures","Frequency: Monthly","Age coverage - maximum age: 74 years old"
"Romania","LFS-ADJ - EU Labour Force Survey adjusted series","Unemployment rate by sex and age (%)","Sex: Total","Age (Youth, adults): 15+","2015M09",8.2,,"Adjustments: Estimation based on labour force survey and registered unemployment figures","Frequency: Monthly","Age coverage - maximum age: 74 years old"
"Romania","LFS-ADJ - EU Labour Force Survey adjusted series","Unemployment rate by sex and age (%)","Sex: Total","Age (Youth, adults): 15+","2015M08",8.3,,"Adjustments: Estimation based on labour force survey and registered unemployment figures","Frequency: Monthly","Age coverage - maximum age: 74 years old"
"Romania","LFS-ADJ - EU Labour Force Survey adjusted series","Unemployment rate by sex and age (%)","Sex: Total","Age (Youth, adults): 15+","2015M07",8,,"Adjustments: Estimation based on labour force survey and registered unemployment figures","Frequency: Monthly","Age coverage - maximum age: 74 years old"
"Romania","LFS-ADJ - EU Labour Force Survey adjusted series","Unemployment rate by sex and age (%)","Sex: Total","Age (Youth, adults): 15+","2015M06",8.2,,"Adjustments: Estimation based on labour force survey and registered unemployment figures","Frequency: Monthly","Age coverage - maximum age: 74 years old"
"Romania","LFS-ADJ - EU Labour Force Survey adjusted series","Unemployment rate by sex and age (%)","Sex: Total","Age (Youth, adults): 15+","2015M05",8.2,,"Adjustments: Estimation based on labour force survey and registered unemployment figures","Frequency: Monthly","Age coverage - maximum age: 74 years old"
"Romania","LFS-ADJ - EU Labour Force Survey adjusted series","Unemployment rate by sex and age (%)","Sex: Total","Age (Youth, adults): 15+","2015M04",8.7,,"Adjustments: Estimation based on labour force survey and registered unemployment figures","Frequency: Monthly","Age coverage - maximum age: 74 years old"
"Romania","LFS-ADJ - EU Labour Force Survey adjusted series","Unemployment rate by sex and age (%)","Sex: Total","Age (Youth, adults): 15+","2015M03",8.7,,"Adjustments: Estimation based on labour force survey and registered unemployment figures","Frequency: Monthly","Age coverage - maximum age: 74 years old"
"Romania","LFS-ADJ - EU Labour Force Survey adjusted series","Unemployment rate by sex and age (%)","Sex: Total","Age (Youth, adults): 15+","2015M02",8.9,,"Adjustments: Estimation based on labour force survey and registered unemployment figures","Frequency: Monthly","Age coverage - maximum age: 74 years old"
"Romania","LFS-ADJ - EU Labour Force Survey adjusted series","Unemployment rate by sex and age (%)","Sex: Total","Age (Youth, adults): 15+","2015M01",9.1,,"Adjustments: Estimation based on labour force survey and registered unemployment figures","Frequency: Monthly","Age coverage - maximum age: 74 years old"
"Romania","LFS-ADJ - EU Labour Force Survey adjusted series","Unemployment rate by sex and age (%)","Sex: Total","Age (Youth, adults): 15+","2014M12",8.4,,"Adjustments: Estimation based on labour force survey and registered unemployment figures","Frequency: Monthly","Age coverage - maximum age: 74 years old"
"Romania","LFS-ADJ - EU Labour Force Survey adjusted series","Unemployment rate by sex and age (%)","Sex: Total","Age (Youth, adults): 15+","2014M11",8.8,,"Adjustments: Estimation based on labour force survey and registered unemployment figures","Frequency: Monthly","Age coverage - maximum age: 74 years old"
"Romania","LFS-ADJ - EU Labour Force Survey adjusted series","Unemployment rate by sex and age (%)","Sex: Total","Age (Youth, adults): 15+","2014M10",8.4,,"Adjustments: Estimation based on labour force survey and registered unemployment figures","Frequency: Monthly","Age coverage - maximum age: 74 years old"
"Romania","LFS-ADJ - EU Labour Force Survey adjusted series","Unemployment rate by sex and age (%)","Sex: Total","Age (Youth, adults): 15+","2014M09",8.2,,"Adjustments: Estimation based on labour force survey and registered unemployment figures","Frequency: Monthly","Age coverage - maximum age: 74 years old"
"Romania","LFS-ADJ - EU Labour Force Survey adjusted series","Unemployment rate by sex and age (%)","Sex: Total","Age (Youth, adults): 15+","2014M08",8.5,,"Adjustments: Estimation based on labour force survey and registered unemployment figures","Frequency: Monthly","Age coverage - maximum age: 74 years old"
"Romania","LFS-ADJ - EU Labour Force Survey adjusted series","Unemployment rate by sex and age (%)","Sex: Total","Age (Youth, adults): 15+","2014M07",8.2,,"Adjustments: Estimation based on labour force survey and registered unemployment figures","Frequency: Monthly","Age coverage - maximum age: 74 years old"
"Romania","LFS-ADJ - EU Labour Force Survey adjusted series","Unemployment rate by sex and age (%)","Sex: Total","Age (Youth, adults): 15+","2014M06",8.7,,"Adjustments: Estimation based on labour force survey and registered unemployment figures","Frequency: Monthly","Age coverage - maximum age: 74 years old"
"Romania","LFS-ADJ - EU Labour Force Survey adjusted series","Unemployment rate by sex and age (%)","Sex: Total","Age (Youth, adults): 15+","2014M05",8.1,,"Adjustments: Estimation based on labour force survey and registered unemployment figures","Frequency: Monthly","Age coverage - maximum age: 74 years old"
"Romania","LFS-ADJ - EU Labour Force Survey adjusted series","Unemployment rate by sex and age (%)","Sex: Total","Age (Youth, adults): 15+","2014M04",8.8,,"Adjustments: Estimation based on labour force survey and registered unemployment figures","Frequency: Monthly","Age coverage - maximum age: 74 years old"
"Romania","LFS-ADJ - EU Labour Force Survey adjusted series","Unemployment rate by sex and age (%)","Sex: Total","Age (Youth, adults): 15+","2014M03",9.1,,"Adjustments: Estimation based on labour force survey and registered unemployment figures","Frequency: Monthly","Age coverage - maximum age: 74 years old"
"Romania","LFS-ADJ - EU Labour Force Survey adjusted series","Unemployment rate by sex and age (%)","Sex: Total","Age (Youth, adults): 15+","2014M02",8.9,,"Adjustments: Estimation based on labour force survey and registered unemployment figures","Frequency: Monthly","Age coverage - maximum age: 74 years old"
"Romania","LFS-ADJ - EU Labour Force Survey adjusted series","Unemployment rate by sex and age (%)","Sex: Total","Age (Youth, adults): 15+","2014M01",9,,"Adjustments: Estimation based on labour force survey and registered unemployment figures","Frequency: Monthly","Age coverage - maximum age: 74 years old"
"Romania","LFS-ADJ - EU Labour Force Survey adjusted series","Unemployment rate by sex and age (%)","Sex: Total","Age (Youth, adults): 15+","2013M12",9.2,,"Adjustments: Estimation based on labour force survey and registered unemployment figures","Frequency: Monthly","Age coverage - maximum age: 74 years old"
"Romania","LFS-ADJ - EU Labour Force Survey adjusted series","Unemployment rate by sex and age (%)","Sex: Total","Age (Youth, adults): 15+","2013M11",8.9,,"Adjustments: Estimation based on labour force survey and registered unemployment figures","Frequency: Monthly","Age coverage - maximum age: 74 years old"
"Romania","LFS-ADJ - EU Labour Force Survey adjusted series","Unemployment rate by sex and age (%)","Sex: Total","Age (Youth, adults): 15+","2013M10",8.9,,"Adjustments: Estimation based on labour force survey and registered unemployment figures","Frequency: Monthly","Age coverage - maximum age: 74 years old"
"Romania","LFS-ADJ - EU Labour Force Survey adjusted series","Unemployment rate by sex and age (%)","Sex: Total","Age (Youth, adults): 15+","2013M09",8.6,,"Adjustments: Estimation based on labour force survey and registered unemployment figures","Frequency: Monthly","Age coverage - maximum age: 74 years old"
"Romania","LFS-ADJ - EU Labour Force Survey adjusted series","Unemployment rate by sex and age (%)","Sex: Total","Age (Youth, adults): 15+","2013M08",8.7,,"Adjustments: Estimation based on labour force survey and registered unemployment figures","Frequency: Monthly","Age coverage - maximum age: 74 years old"
"Romania","LFS-ADJ - EU Labour Force Survey adjusted series","Unemployment rate by sex and age (%)","Sex: Total","Age (Youth, adults): 15+","2013M07",8.5,,"Adjustments: Estimation based on labour force survey and registered unemployment figures","Frequency: Monthly","Age coverage - maximum age: 74 years old"
"Romania","LFS-ADJ - EU Labour Force Survey adjusted series","Unemployment rate by sex and age (%)","Sex: Total","Age (Youth, adults): 15+","2013M06",9.5,,"Adjustments: Estimation based on labour force survey and registered unemployment figures","Frequency: Monthly","Age coverage - maximum age: 74 years old"
"Romania","LFS-ADJ - EU Labour Force Survey adjusted series","Unemployment rate by sex and age (%)","Sex: Total","Age (Youth, adults): 15+","2013M05",8.6,,"Adjustments: Estimation based on labour force survey and registered unemployment figures","Frequency: Monthly","Age coverage - maximum age: 74 years old"
"Romania","LFS-ADJ - EU Labour Force Survey adjusted series","Unemployment rate by sex and age (%)","Sex: Total","Age (Youth, adults): 15+","2013M04",9.5,,"Adjustments: Estimation based on labour force survey and registered unemployment figures","Frequency: Monthly","Age coverage - maximum age: 74 years old"
"Romania","LFS-ADJ - EU Labour Force Survey adjusted series","Unemployment rate by sex and age (%)","Sex: Total","Age (Youth, adults): 15+","2013M03",9.5,,"Adjustments: Estimation based on labour force survey and registered unemployment figures","Frequency: Monthly","Age coverage - maximum age: 74 years old"
"Romania","LFS-ADJ - EU Labour Force Survey adjusted series","Unemployment rate by sex and age (%)","Sex: Total","Age (Youth, adults): 15+","2013M02",9.1,,"Adjustments: Estimation based on labour force survey and registered unemployment figures","Frequency: Monthly","Age coverage - maximum age: 74 years old"
"Romania","LFS-ADJ - EU Labour Force Survey adjusted series","Unemployment rate by sex and age (%)","Sex: Total","Age (Youth, adults): 15+","2013M01",8.9,,"Adjustments: Estimation based on labour force survey and registered unemployment figures","Frequency: Monthly","Age coverage - maximum age: 74 years old"
"Romania","LFS-ADJ - EU Labour Force Survey adjusted series","Unemployment rate by sex and age (%)","Sex: Total","Age (Youth, adults): 15+","2012M12",9,,"Adjustments: Estimation based on labour force survey and registered unemployment figures","Frequency: Monthly","Age coverage - maximum age: 74 years old"
"Romania","LFS-ADJ - EU Labour Force Survey adjusted series","Unemployment rate by sex and age (%)","Sex: Total","Age (Youth, adults): 15+","2012M11",8.5,,"Adjustments: Estimation based on labour force survey and registered unemployment figures","Frequency: Monthly","Age coverage - maximum age: 74 years old"
"Romania","LFS-ADJ - EU Labour Force Survey adjusted series","Unemployment rate by sex and age (%)","Sex: Total","Age (Youth, adults): 15+","2012M10",8.4,,"Adjustments: Estimation based on labour force survey and registered unemployment figures","Frequency: Monthly","Age coverage - maximum age: 74 years old"
"Romania","LFS-ADJ - EU Labour Force Survey adjusted series","Unemployment rate by sex and age (%)","Sex: Total","Age (Youth, adults): 15+","2012M09",8.5,,"Adjustments: Estimation based on labour force survey and registered unemployment figures","Frequency: Monthly","Age coverage - maximum age: 74 years old"
"Romania","LFS-ADJ - EU Labour Force Survey adjusted series","Unemployment rate by sex and age (%)","Sex: Total","Age (Youth, adults): 15+","2012M08",8.3,,"Adjustments: Estimation based on labour force survey and registered unemployment figures","Frequency: Monthly","Age coverage - maximum age: 74 years old"
"Romania","LFS-ADJ - EU Labour Force Survey adjusted series","Unemployment rate by sex and age (%)","Sex: Total","Age (Youth, adults): 15+","2012M07",8.6,,"Adjustments: Estimation based on labour force survey and registered unemployment figures","Frequency: Monthly","Age coverage - maximum age: 74 years old"
"Romania","LFS-ADJ - EU Labour Force Survey adjusted series","Unemployment rate by sex and age (%)","Sex: Total","Age (Youth, adults): 15+","2012M06",8.3,,"Adjustments: Estimation based on labour force survey and registered unemployment figures","Frequency: Monthly","Age coverage - maximum age: 74 years old"
"Romania","LFS-ADJ - EU Labour Force Survey adjusted series","Unemployment rate by sex and age (%)","Sex: Total","Age (Youth, adults): 15+","2012M05",8.5,,"Adjustments: Estimation based on labour force survey and registered unemployment figures","Frequency: Monthly","Age coverage - maximum age: 74 years old"
"Romania","LFS-ADJ - EU Labour Force Survey adjusted series","Unemployment rate by sex and age (%)","Sex: Total","Age (Youth, adults): 15+","2012M04",8.7,,"Adjustments: Estimation based on labour force survey and registered unemployment figures","Frequency: Monthly","Age coverage - maximum age: 74 years old"
"Romania","LFS-ADJ - EU Labour Force Survey adjusted series","Unemployment rate by sex and age (%)","Sex: Total","Age (Youth, adults): 15+","2012M03",9.2,,"Adjustments: Estimation based on labour force survey and registered unemployment figures","Frequency: Monthly","Age coverage - maximum age: 74 years old"
"Romania","LFS-ADJ - EU Labour Force Survey adjusted series","Unemployment rate by sex and age (%)","Sex: Total","Age (Youth, adults): 15+","2012M02",8.9,,"Adjustments: Estimation based on labour force survey and registered unemployment figures","Frequency: Monthly","Age coverage - maximum age: 74 years old"
"Romania","LFS-ADJ - EU Labour Force Survey adjusted series","Unemployment rate by sex and age (%)","Sex: Total","Age (Youth, adults): 15+","2012M01",9.4,,"Adjustments: Estimation based on labour force survey and registered unemployment figures","Frequency: Monthly","Age coverage - maximum age: 74 years old"
"Romania","LFS-ADJ - EU Labour Force Survey adjusted series","Unemployment rate by sex and age (%)","Sex: Total","Age (Youth, adults): 15+","2011M12",9.7,,"Adjustments: Estimation based on labour force survey and registered unemployment figures","Frequency: Monthly","Age coverage - maximum age: 74 years old"
"Romania","LFS-ADJ - EU Labour Force Survey adjusted series","Unemployment rate by sex and age (%)","Sex: Total","Age (Youth, adults): 15+","2011M11",9.5,,"Adjustments: Estimation based on labour force survey and registered unemployment figures","Frequency: Monthly","Age coverage - maximum age: 74 years old"
"Romania","LFS-ADJ - EU Labour Force Survey adjusted series","Unemployment rate by sex and age (%)","Sex: Total","Age (Youth, adults): 15+","2011M10",9.1,,"Adjustments: Estimation based on labour force survey and registered unemployment figures","Frequency: Monthly","Age coverage - maximum age: 74 years old"
"Romania","LFS-ADJ - EU Labour Force Survey adjusted series","Unemployment rate by sex and age (%)","Sex: Total","Age (Youth, adults): 15+","2011M09",9,,"Adjustments: Estimation based on labour force survey and registered unemployment figures","Frequency: Monthly","Age coverage - maximum age: 74 years old"
"Romania","LFS-ADJ - EU Labour Force Survey adjusted series","Unemployment rate by sex and age (%)","Sex: Total","Age (Youth, adults): 15+","2011M08",9,,"Adjustments: Estimation based on labour force survey and registered unemployment figures","Frequency: Monthly","Age coverage - maximum age: 74 years old"
"Romania","LFS-ADJ - EU Labour Force Survey adjusted series","Unemployment rate by sex and age (%)","Sex: Total","Age (Youth, adults): 15+","2011M07",8.8,,"Adjustments: Estimation based on labour force survey and registered unemployment figures","Frequency: Monthly","Age coverage - maximum age: 74 years old"
"Romania","LFS-ADJ - EU Labour Force Survey adjusted series","Unemployment rate by sex and age (%)","Sex: Total","Age (Youth, adults): 15+","2011M06",8.6,,"Adjustments: Estimation based on labour force survey and registered unemployment figures","Frequency: Monthly","Age coverage - maximum age: 74 years old"
"Romania","LFS-ADJ - EU Labour Force Survey adjusted series","Unemployment rate by sex and age (%)","Sex: Total","Age (Youth, adults): 15+","2011M05",8.6,,"Adjustments: Estimation based on labour force survey and registered unemployment figures","Frequency: Monthly","Age coverage - maximum age: 74 years old"
"Romania","LFS-ADJ - EU Labour Force Survey adjusted series","Unemployment rate by sex and age (%)","Sex: Total","Age (Youth, adults): 15+","2011M04",9.1,,"Adjustments: Estimation based on labour force survey and registered unemployment figures","Frequency: Monthly","Age coverage - maximum age: 74 years old"
"Romania","LFS-ADJ - EU Labour Force Survey adjusted series","Unemployment rate by sex and age (%)","Sex: Total","Age (Youth, adults): 15+","2011M03",9,,"Adjustments: Estimation based on labour force survey and registered unemployment figures","Frequency: Monthly","Age coverage - maximum age: 74 years old"
"Romania","LFS-ADJ - EU Labour Force Survey adjusted series","Unemployment rate by sex and age (%)","Sex: Total","Age (Youth, adults): 15+","2011M02",9.2,,"Adjustments: Estimation based on labour force survey and registered unemployment figures","Frequency: Monthly","Age coverage - maximum age: 74 years old"
"Romania","LFS-ADJ - EU Labour Force Survey adjusted series","Unemployment rate by sex and age (%)","Sex: Total","Age (Youth, adults): 15+","2011M01",9.5,,"Adjustments: Estimation based on labour force survey and registered unemployment figures","Frequency: Monthly","Age coverage - maximum age: 74 years old"
"Romania","LFS-ADJ - EU Labour Force Survey adjusted series","Unemployment rate by sex and age (%)","Sex: Total","Age (Youth, adults): 15+","2010M12",9,,"Adjustments: Estimation based on labour force survey and registered unemployment figures","Frequency: Monthly","Age coverage - maximum age: 74 years old"
"Romania","LFS-ADJ - EU Labour Force Survey adjusted series","Unemployment rate by sex and age (%)","Sex: Total","Age (Youth, adults): 15+","2010M11",9.1,,"Adjustments: Estimation based on labour force survey and registered unemployment figures","Frequency: Monthly","Age coverage - maximum age: 74 years old"
"Romania","LFS-ADJ - EU Labour Force Survey adjusted series","Unemployment rate by sex and age (%)","Sex: Total","Age (Youth, adults): 15+","2010M10",8.8,,"Adjustments: Estimation based on labour force survey and registered unemployment figures","Frequency: Monthly","Age coverage - maximum age: 74 years old"
"Romania","LFS-ADJ - EU Labour Force Survey adjusted series","Unemployment rate by sex and age (%)","Sex: Total","Age (Youth, adults): 15+","2010M09",8.4,,"Adjustments: Estimation based on labour force survey and registered unemployment figures","Frequency: Monthly","Age coverage - maximum age: 74 years old"
"Romania","LFS-ADJ - EU Labour Force Survey adjusted series","Unemployment rate by sex and age (%)","Sex: Total","Age (Youth, adults): 15+","2010M08",8.9,,"Adjustments: Estimation based on labour force survey and registered unemployment figures","Frequency: Monthly","Age coverage - maximum age: 74 years old"
"Romania","LFS-ADJ - EU Labour Force Survey adjusted series","Unemployment rate by sex and age (%)","Sex: Total","Age (Youth, adults): 15+","2010M07",8.8,,"Adjustments: Estimation based on labour force survey and registered unemployment figures","Frequency: Monthly","Age coverage - maximum age: 74 years old"
"Romania","LFS-ADJ - EU Labour Force Survey adjusted series","Unemployment rate by sex and age (%)","Sex: Total","Age (Youth, adults): 15+","2010M06",8.6,,"Adjustments: Estimation based on labour force survey and registered unemployment figures","Frequency: Monthly","Age coverage - maximum age: 74 years old"
"Romania","LFS-ADJ - EU Labour Force Survey adjusted series","Unemployment rate by sex and age (%)","Sex: Total","Age (Youth, adults): 15+","2010M05",8.5,,"Adjustments: Estimation based on labour force survey and registered unemployment figures","Frequency: Monthly","Age coverage - maximum age: 74 years old"
"Romania","LFS-ADJ - EU Labour Force Survey adjusted series","Unemployment rate by sex and age (%)","Sex: Total","Age (Youth, adults): 15+","2010M04",8.8,,"Adjustments: Estimation based on labour force survey and registered unemployment figures","Frequency: Monthly","Age coverage - maximum age: 74 years old"
"Romania","LFS-ADJ - EU Labour Force Survey adjusted series","Unemployment rate by sex and age (%)","Sex: Total","Age (Youth, adults): 15+","2010M03",10,,"Adjustments: Estimation based on labour force survey and registered unemployment figures","Frequency: Monthly","Age coverage - maximum age: 74 years old"
"Romania","LFS-ADJ - EU Labour Force Survey adjusted series","Unemployment rate by sex and age (%)","Sex: Total","Age (Youth, adults): 15+","2010M02",9.7,,"Adjustments: Estimation based on labour force survey and registered unemployment figures","Frequency: Monthly","Age coverage - maximum age: 74 years old"
"Romania","LFS-ADJ - EU Labour Force Survey adjusted series","Unemployment rate by sex and age (%)","Sex: Total","Age (Youth, adults): 15+","2010M01",9.7,,"Adjustments: Estimation based on labour force survey and registered unemployment figures","Frequency: Monthly","Age coverage - maximum age: 74 years old"
"Romania","LFS-ADJ - EU Labour Force Survey adjusted series","Unemployment rate by sex and age (%)","Sex: Total","Age (Youth, adults): 15+","2009M12",9.4,,"Adjustments: Estimation based on labour force survey and registered unemployment figures","Frequency: Monthly","Age coverage - maximum age: 74 years old"
"Romania","LFS-ADJ - EU Labour Force Survey adjusted series","Unemployment rate by sex and age (%)","Sex: Total","Age (Youth, adults): 15+","2009M11",9.1,,"Adjustments: Estimation based on labour force survey and registered unemployment figures","Frequency: Monthly","Age coverage - maximum age: 74 years old"
"Romania","LFS-ADJ - EU Labour Force Survey adjusted series","Unemployment rate by sex and age (%)","Sex: Total","Age (Youth, adults): 15+","2009M10",9,,"Adjustments: Estimation based on labour force survey and registered unemployment figures","Frequency: Monthly","Age coverage - maximum age: 74 years old"
"Romania","LFS-ADJ - EU Labour Force Survey adjusted series","Unemployment rate by sex and age (%)","Sex: Total","Age (Youth, adults): 15+","2009M09",8.5,,"Adjustments: Estimation based on labour force survey and registered unemployment figures","Frequency: Monthly","Age coverage - maximum age: 74 years old"
"Romania","LFS-ADJ - EU Labour Force Survey adjusted series","Unemployment rate by sex and age (%)","Sex: Total","Age (Youth, adults): 15+","2009M08",8.4,,"Adjustments: Estimation based on labour force survey and registered unemployment figures","Frequency: Monthly","Age coverage - maximum age: 74 years old"
"Romania","LFS-ADJ - EU Labour Force Survey adjusted series","Unemployment rate by sex and age (%)","Sex: Total","Age (Youth, adults): 15+","2009M07",8.3,,"Adjustments: Estimation based on labour force survey and registered unemployment figures","Frequency: Monthly","Age coverage - maximum age: 74 years old"
"Romania","LFS-ADJ - EU Labour Force Survey adjusted series","Unemployment rate by sex and age (%)","Sex: Total","Age (Youth, adults): 15+","2009M06",7.8,,"Adjustments: Estimation based on labour force survey and registered unemployment figures","Frequency: Monthly","Age coverage - maximum age: 74 years old"
"Romania","LFS-ADJ - EU Labour Force Survey adjusted series","Unemployment rate by sex and age (%)","Sex: Total","Age (Youth, adults): 15+","2009M05",7.8,,"Adjustments: Estimation based on labour force survey and registered unemployment figures","Frequency: Monthly","Age coverage - maximum age: 74 years old"
"Romania","LFS-ADJ - EU Labour Force Survey adjusted series","Unemployment rate by sex and age (%)","Sex: Total","Age (Youth, adults): 15+","2009M04",7.9,,"Adjustments: Estimation based on labour force survey and registered unemployment figures","Frequency: Monthly","Age coverage - maximum age: 74 years old"
"Romania","LFS-ADJ - EU Labour Force Survey adjusted series","Unemployment rate by sex and age (%)","Sex: Total","Age (Youth, adults): 15+","2009M03",8.2,,"Adjustments: Estimation based on labour force survey and registered unemployment figures","Frequency: Monthly","Age coverage - maximum age: 74 years old"
"Romania","LFS-ADJ - EU Labour Force Survey adjusted series","Unemployment rate by sex and age (%)","Sex: Total","Age (Youth, adults): 15+","2009M02",8.6,,"Adjustments: Estimation based on labour force survey and registered unemployment figures","Frequency: Monthly","Age coverage - maximum age: 74 years old"
"Romania","LFS-ADJ - EU Labour Force Survey adjusted series","Unemployment rate by sex and age (%)","Sex: Total","Age (Youth, adults): 15+","2009M01",8.1,,"Adjustments: Estimation based on labour force survey and registered unemployment figures","Frequency: Monthly","Age coverage - maximum age: 74 years old"
"Romania","LFS-ADJ - EU Labour Force Survey adjusted series","Unemployment rate by sex and age (%)","Sex: Total","Age (Youth, adults): 15+","2008M12",5.9,,"Adjustments: Estimation based on labour force survey and registered unemployment figures","Frequency: Monthly","Age coverage - maximum age: 74 years old"
"Romania","LFS-ADJ - EU Labour Force Survey adjusted series","Unemployment rate by sex and age (%)","Sex: Total","Age (Youth, adults): 15+","2008M11",5.3,,"Adjustments: Estimation based on labour force survey and registered unemployment figures","Frequency: Monthly","Age coverage - maximum age: 74 years old"
"Romania","LFS-ADJ - EU Labour Force Survey adjusted series","Unemployment rate by sex and age (%)","Sex: Total","Age (Youth, adults): 15+","2008M10",5.7,,"Adjustments: Estimation based on labour force survey and registered unemployment figures","Frequency: Monthly","Age coverage - maximum age: 74 years old"
"Romania","LFS-ADJ - EU Labour Force Survey adjusted series","Unemployment rate by sex and age (%)","Sex: Total","Age (Youth, adults): 15+","2008M09",5,,"Adjustments: Estimation based on labour force survey and registered unemployment figures","Frequency: Monthly","Age coverage - maximum age: 74 years old"
"Romania","LFS-ADJ - EU Labour Force Survey adjusted series","Unemployment rate by sex and age (%)","Sex: Total","Age (Youth, adults): 15+","2008M08",5.1,,"Adjustments: Estimation based on labour force survey and registered unemployment figures","Frequency: Monthly","Age coverage - maximum age: 74 years old"
"Romania","LFS-ADJ - EU Labour Force Survey adjusted series","Unemployment rate by sex and age (%)","Sex: Total","Age (Youth, adults): 15+","2008M07",5.3,,"Adjustments: Estimation based on labour force survey and registered unemployment figures","Frequency: Monthly","Age coverage - maximum age: 74 years old"
"Romania","LFS-ADJ - EU Labour Force Survey adjusted series","Unemployment rate by sex and age (%)","Sex: Total","Age (Youth, adults): 15+","2008M06",5.5,,"Adjustments: Estimation based on labour force survey and registered unemployment figures","Frequency: Monthly","Age coverage - maximum age: 74 years old"
"Romania","LFS-ADJ - EU Labour Force Survey adjusted series","Unemployment rate by sex and age (%)","Sex: Total","Age (Youth, adults): 15+","2008M05",5.4,,"Adjustments: Estimation based on labour force survey and registered unemployment figures","Frequency: Monthly","Age coverage - maximum age: 74 years old"
"Romania","LFS-ADJ - EU Labour Force Survey adjusted series","Unemployment rate by sex and age (%)","Sex: Total","Age (Youth, adults): 15+","2008M04",5.5,,"Adjustments: Estimation based on labour force survey and registered unemployment figures","Frequency: Monthly","Age coverage - maximum age: 74 years old"
"Romania","LFS-ADJ - EU Labour Force Survey adjusted series","Unemployment rate by sex and age (%)","Sex: Total","Age (Youth, adults): 15+","2008M03",6.1,,"Adjustments: Estimation based on labour force survey and registered unemployment figures","Frequency: Monthly","Age coverage - maximum age: 74 years old"
"Romania","LFS-ADJ - EU Labour Force Survey adjusted series","Unemployment rate by sex and age (%)","Sex: Total","Age (Youth, adults): 15+","2008M02",6.3,,"Adjustments: Estimation based on labour force survey and registered unemployment figures","Frequency: Monthly","Age coverage - maximum age: 74 years old"
"Romania","LFS-ADJ - EU Labour Force Survey adjusted series","Unemployment rate by sex and age (%)","Sex: Total","Age (Youth, adults): 15+","2008M01",6.1,,"Adjustments: Estimation based on labour force survey and registered unemployment figures","Frequency: Monthly","Age coverage - maximum age: 74 years old"
"Romania","LFS-ADJ - EU Labour Force Survey adjusted series","Unemployment rate by sex and age (%)","Sex: Total","Age (Youth, adults): 15+","2007M12",6.1,,"Adjustments: Estimation based on labour force survey and registered unemployment figures","Frequency: Monthly","Age coverage - maximum age: 74 years old"
"Romania","LFS-ADJ - EU Labour Force Survey adjusted series","Unemployment rate by sex and age (%)","Sex: Total","Age (Youth, adults): 15+","2007M11",5.9,,"Adjustments: Estimation based on labour force survey and registered unemployment figures","Frequency: Monthly","Age coverage - maximum age: 74 years old"
"Romania","LFS-ADJ - EU Labour Force Survey adjusted series","Unemployment rate by sex and age (%)","Sex: Total","Age (Youth, adults): 15+","2007M10",5.9,,"Adjustments: Estimation based on labour force survey and registered unemployment figures","Frequency: Monthly","Age coverage - maximum age: 74 years old"
"Romania","LFS-ADJ - EU Labour Force Survey adjusted series","Unemployment rate by sex and age (%)","Sex: Total","Age (Youth, adults): 15+","2007M09",5.7,,"Adjustments: Estimation based on labour force survey and registered unemployment figures","Frequency: Monthly","Age coverage - maximum age: 74 years old"
"Romania","LFS-ADJ - EU Labour Force Survey adjusted series","Unemployment rate by sex and age (%)","Sex: Total","Age (Youth, adults): 15+","2007M08",5.8,,"Adjustments: Estimation based on labour force survey and registered unemployment figures","Frequency: Monthly","Age coverage - maximum age: 74 years old"
"Romania","LFS-ADJ - EU Labour Force Survey adjusted series","Unemployment rate by sex and age (%)","Sex: Total","Age (Youth, adults): 15+","2007M07",6,,"Adjustments: Estimation based on labour force survey and registered unemployment figures","Frequency: Monthly","Age coverage - maximum age: 74 years old"
"Romania","LFS-ADJ - EU Labour Force Survey adjusted series","Unemployment rate by sex and age (%)","Sex: Total","Age (Youth, adults): 15+","2007M06",6.3,,"Adjustments: Estimation based on labour force survey and registered unemployment figures","Frequency: Monthly","Age coverage - maximum age: 74 years old"
"Romania","LFS-ADJ - EU Labour Force Survey adjusted series","Unemployment rate by sex and age (%)","Sex: Total","Age (Youth, adults): 15+","2007M05",6.2,,"Adjustments: Estimation based on labour force survey and registered unemployment figures","Frequency: Monthly","Age coverage - maximum age: 74 years old"
"Romania","LFS-ADJ - EU Labour Force Survey adjusted series","Unemployment rate by sex and age (%)","Sex: Total","Age (Youth, adults): 15+","2007M04",6.8,,"Adjustments: Estimation based on labour force survey and registered unemployment figures","Frequency: Monthly","Age coverage - maximum age: 74 years old"
"Romania","LFS-ADJ - EU Labour Force Survey adjusted series","Unemployment rate by sex and age (%)","Sex: Total","Age (Youth, adults): 15+","2007M03",7,,"Adjustments: Estimation based on labour force survey and registered unemployment figures","Frequency: Monthly","Age coverage - maximum age: 74 years old"
"Romania","LFS-ADJ - EU Labour Force Survey adjusted series","Unemployment rate by sex and age (%)","Sex: Total","Age (Youth, adults): 15+","2007M02",7.4,,"Adjustments: Estimation based on labour force survey and registered unemployment figures","Frequency: Monthly","Age coverage - maximum age: 74 years old"
"Romania","LFS-ADJ - EU Labour Force Survey adjusted series","Unemployment rate by sex and age (%)","Sex: Total","Age (Youth, adults): 15+","2007M01",7,,"Adjustments: Estimation based on labour force survey and registered unemployment figures","Frequency: Monthly","Age coverage - maximum age: 74 years old"
"Romania","LFS-ADJ - EU Labour Force Survey adjusted series","Unemployment rate by sex and age (%)","Sex: Total","Age (Youth, adults): 15+","2006M12",7.4,,"Adjustments: Estimation based on labour force survey and registered unemployment figures","Frequency: Monthly","Age coverage - maximum age: 74 years old"
"Romania","LFS-ADJ - EU Labour Force Survey adjusted series","Unemployment rate by sex and age (%)","Sex: Total","Age (Youth, adults): 15+","2006M11",7,,"Adjustments: Estimation based on labour force survey and registered unemployment figures","Frequency: Monthly","Age coverage - maximum age: 74 years old"
"Romania","LFS-ADJ - EU Labour Force Survey adjusted series","Unemployment rate by sex and age (%)","Sex: Total","Age (Youth, adults): 15+","2006M10",7,,"Adjustments: Estimation based on labour force survey and registered unemployment figures","Frequency: Monthly","Age coverage - maximum age: 74 years old"
"Romania","LFS-ADJ - EU Labour Force Survey adjusted series","Unemployment rate by sex and age (%)","Sex: Total","Age (Youth, adults): 15+","2006M09",7,,"Adjustments: Estimation based on labour force survey and registered unemployment figures","Frequency: Monthly","Age coverage - maximum age: 74 years old"
"Romania","LFS-ADJ - EU Labour Force Survey adjusted series","Unemployment rate by sex and age (%)","Sex: Total","Age (Youth, adults): 15+","2006M08",6.9,,"Adjustments: Estimation based on labour force survey and registered unemployment figures","Frequency: Monthly","Age coverage - maximum age: 74 years old"
"Romania","LFS-ADJ - EU Labour Force Survey adjusted series","Unemployment rate by sex and age (%)","Sex: Total","Age (Youth, adults): 15+","2006M07",7.2,,"Adjustments: Estimation based on labour force survey and registered unemployment figures","Frequency: Monthly","Age coverage - maximum age: 74 years old"
"Romania","LFS-ADJ - EU Labour Force Survey adjusted series","Unemployment rate by sex and age (%)","Sex: Total","Age (Youth, adults): 15+","2006M06",6.5,,"Adjustments: Estimation based on labour force survey and registered unemployment figures","Frequency: Monthly","Age coverage - maximum age: 74 years old"
"Romania","LFS-ADJ - EU Labour Force Survey adjusted series","Unemployment rate by sex and age (%)","Sex: Total","Age (Youth, adults): 15+","2006M05",6.7,,"Adjustments: Estimation based on labour force survey and registered unemployment figures","Frequency: Monthly","Age coverage - maximum age: 74 years old"
"Romania","LFS-ADJ - EU Labour Force Survey adjusted series","Unemployment rate by sex and age (%)","Sex: Total","Age (Youth, adults): 15+","2006M04",7.1,,"Adjustments: Estimation based on labour force survey and registered unemployment figures","Frequency: Monthly","Age coverage - maximum age: 74 years old"
"Romania","LFS-ADJ - EU Labour Force Survey adjusted series","Unemployment rate by sex and age (%)","Sex: Total","Age (Youth, adults): 15+","2006M03",7.6,,"Adjustments: Estimation based on labour force survey and registered unemployment figures","Frequency: Monthly","Age coverage - maximum age: 74 years old"
"Romania","LFS-ADJ - EU Labour Force Survey adjusted series","Unemployment rate by sex and age (%)","Sex: Total","Age (Youth, adults): 15+","2006M02",8.1,,"Adjustments: Estimation based on labour force survey and registered unemployment figures","Frequency: Monthly","Age coverage - maximum age: 74 years old"
"Romania","LFS-ADJ - EU Labour Force Survey adjusted series","Unemployment rate by sex and age (%)","Sex: Total","Age (Youth, adults): 15+","2006M01",7.6,,"Adjustments: Estimation based on labour force survey and registered unemployment figures","Frequency: Monthly","Age coverage - maximum age: 74 years old"
"Romania","LFS-ADJ - EU Labour Force Survey adjusted series","Unemployment rate by sex and age (%)","Sex: Total","Age (Youth, adults): 15+","2005M12",6.8,,"Adjustments: Estimation based on labour force survey and registered unemployment figures","Frequency: Monthly","Age coverage - maximum age: 74 years old"
"Romania","LFS-ADJ - EU Labour Force Survey adjusted series","Unemployment rate by sex and age (%)","Sex: Total","Age (Youth, adults): 15+","2005M11",6.7,,"Adjustments: Estimation based on labour force survey and registered unemployment figures","Frequency: Monthly","Age coverage - maximum age: 74 years old"
"Romania","LFS-ADJ - EU Labour Force Survey adjusted series","Unemployment rate by sex and age (%)","Sex: Total","Age (Youth, adults): 15+","2005M10",6.8,,"Adjustments: Estimation based on labour force survey and registered unemployment figures","Frequency: Monthly","Age coverage - maximum age: 74 years old"
"Romania","LFS-ADJ - EU Labour Force Survey adjusted series","Unemployment rate by sex and age (%)","Sex: Total","Age (Youth, adults): 15+","2005M09",5.9,,"Adjustments: Estimation based on labour force survey and registered unemployment figures","Frequency: Monthly","Age coverage - maximum age: 74 years old"
"Romania","LFS-ADJ - EU Labour Force Survey adjusted series","Unemployment rate by sex and age (%)","Sex: Total","Age (Youth, adults): 15+","2005M08",6.1,,"Adjustments: Estimation based on labour force survey and registered unemployment figures","Frequency: Monthly","Age coverage - maximum age: 74 years old"
"Romania","LFS-ADJ - EU Labour Force Survey adjusted series","Unemployment rate by sex and age (%)","Sex: Total","Age (Youth, adults): 15+","2005M07",6.3,,"Adjustments: Estimation based on labour force survey and registered unemployment figures","Frequency: Monthly","Age coverage - maximum age: 74 years old"
"Romania","LFS-ADJ - EU Labour Force Survey adjusted series","Unemployment rate by sex and age (%)","Sex: Total","Age (Youth, adults): 15+","2005M06",6.9,,"Adjustments: Estimation based on labour force survey and registered unemployment figures","Frequency: Monthly","Age coverage - maximum age: 74 years old"
"Romania","LFS-ADJ - EU Labour Force Survey adjusted series","Unemployment rate by sex and age (%)","Sex: Total","Age (Youth, adults): 15+","2005M05",7,,"Adjustments: Estimation based on labour force survey and registered unemployment figures","Frequency: Monthly","Age coverage - maximum age: 74 years old"
"Romania","LFS-ADJ - EU Labour Force Survey adjusted series","Unemployment rate by sex and age (%)","Sex: Total","Age (Youth, adults): 15+","2005M04",7.2,,"Adjustments: Estimation based on labour force survey and registered unemployment figures","Frequency: Monthly","Age coverage - maximum age: 74 years old"
"Romania","LFS-ADJ - EU Labour Force Survey adjusted series","Unemployment rate by sex and age (%)","Sex: Total","Age (Youth, adults): 15+","2005M03",8.6,,"Adjustments: Estimation based on labour force survey and registered unemployment figures","Frequency: Monthly","Age coverage - maximum age: 74 years old"
"Romania","LFS-ADJ - EU Labour Force Survey adjusted series","Unemployment rate by sex and age (%)","Sex: Total","Age (Youth, adults): 15+","2005M02",8.8,,"Adjustments: Estimation based on labour force survey and registered unemployment figures","Frequency: Monthly","Age coverage - maximum age: 74 years old"
"Romania","LFS-ADJ - EU Labour Force Survey adjusted series","Unemployment rate by sex and age (%)","Sex: Total","Age (Youth, adults): 15+","2005M01",8.4,,"Adjustments: Estimation based on labour force survey and registered unemployment figures","Frequency: Monthly","Age coverage - maximum age: 74 years old"
"Romania","LFS-ADJ - EU Labour Force Survey adjusted series","Unemployment rate by sex and age (%)","Sex: Total","Age (Youth, adults): 15+","2004M12",8.2,,"Adjustments: Estimation based on labour force survey and registered unemployment figures","Frequency: Monthly","Age coverage - maximum age: 74 years old"
"Romania","LFS-ADJ - EU Labour Force Survey adjusted series","Unemployment rate by sex and age (%)","Sex: Total","Age (Youth, adults): 15+","2004M11",7.9,,"Adjustments: Estimation based on labour force survey and registered unemployment figures","Frequency: Monthly","Age coverage - maximum age: 74 years old"
"Romania","LFS-ADJ - EU Labour Force Survey adjusted series","Unemployment rate by sex and age (%)","Sex: Total","Age (Youth, adults): 15+","2004M10",8,,"Adjustments: Estimation based on labour force survey and registered unemployment figures","Frequency: Monthly","Age coverage - maximum age: 74 years old"
"Romania","LFS-ADJ - EU Labour Force Survey adjusted series","Unemployment rate by sex and age (%)","Sex: Total","Age (Youth, adults): 15+","2004M09",7.4,,"Adjustments: Estimation based on labour force survey and registered unemployment figures","Frequency: Monthly","Age coverage - maximum age: 74 years old"
"Romania","LFS-ADJ - EU Labour Force Survey adjusted series","Unemployment rate by sex and age (%)","Sex: Total","Age (Youth, adults): 15+","2004M08",7.9,,"Adjustments: Estimation based on labour force survey and registered unemployment figures","Frequency: Monthly","Age coverage - maximum age: 74 years old"
"Romania","LFS-ADJ - EU Labour Force Survey adjusted series","Unemployment rate by sex and age (%)","Sex: Total","Age (Youth, adults): 15+","2004M07",7.5,,"Adjustments: Estimation based on labour force survey and registered unemployment figures","Frequency: Monthly","Age coverage - maximum age: 74 years old"
"Romania","LFS-ADJ - EU Labour Force Survey adjusted series","Unemployment rate by sex and age (%)","Sex: Total","Age (Youth, adults): 15+","2004M06",7.6,,"Adjustments: Estimation based on labour force survey and registered unemployment figures","Frequency: Monthly","Age coverage - maximum age: 74 years old"
"Romania","LFS-ADJ - EU Labour Force Survey adjusted series","Unemployment rate by sex and age (%)","Sex: Total","Age (Youth, adults): 15+","2004M05",7.2,,"Adjustments: Estimation based on labour force survey and registered unemployment figures","Frequency: Monthly","Age coverage - maximum age: 74 years old"
"Romania","LFS-ADJ - EU Labour Force Survey adjusted series","Unemployment rate by sex and age (%)","Sex: Total","Age (Youth, adults): 15+","2004M04",8.1,,"Adjustments: Estimation based on labour force survey and registered unemployment figures","Frequency: Monthly","Age coverage - maximum age: 74 years old"
"Romania","LFS-ADJ - EU Labour Force Survey adjusted series","Unemployment rate by sex and age (%)","Sex: Total","Age (Youth, adults): 15+","2004M03",8.3,,"Adjustments: Estimation based on labour force survey and registered unemployment figures","Frequency: Monthly","Age coverage - maximum age: 74 years old"
"Romania","LFS-ADJ - EU Labour Force Survey adjusted series","Unemployment rate by sex and age (%)","Sex: Total","Age (Youth, adults): 15+","2004M02",8.2,,"Adjustments: Estimation based on labour force survey and registered unemployment figures","Frequency: Monthly","Age coverage - maximum age: 74 years old"
"Romania","LFS-ADJ - EU Labour Force Survey adjusted series","Unemployment rate by sex and age (%)","Sex: Total","Age (Youth, adults): 15+","2004M01",9.5,,"Adjustments: Estimation based on labour force survey and registered unemployment figures","Frequency: Monthly","Age coverage - maximum age: 74 years old"
"Romania","LFS-ADJ - EU Labour Force Survey adjusted series","Unemployment rate by sex and age (%)","Sex: Total","Age (Youth, adults): 15+","2003M12",8.2,,"Adjustments: Estimation based on labour force survey and registered unemployment figures","Frequency: Monthly","Age coverage - maximum age: 74 years old"
"Romania","LFS-ADJ - EU Labour Force Survey adjusted series","Unemployment rate by sex and age (%)","Sex: Total","Age (Youth, adults): 15+","2003M11",8,,"Adjustments: Estimation based on labour force survey and registered unemployment figures","Frequency: Monthly","Age coverage - maximum age: 74 years old"
"Romania","LFS-ADJ - EU Labour Force Survey adjusted series","Unemployment rate by sex and age (%)","Sex: Total","Age (Youth, adults): 15+","2003M10",7.8,,"Adjustments: Estimation based on labour force survey and registered unemployment figures","Frequency: Monthly","Age coverage - maximum age: 74 years old"
"Romania","LFS-ADJ - EU Labour Force Survey adjusted series","Unemployment rate by sex and age (%)","Sex: Total","Age (Youth, adults): 15+","2003M09",7.2,,"Adjustments: Estimation based on labour force survey and registered unemployment figures","Frequency: Monthly","Age coverage - maximum age: 74 years old"
"Romania","LFS-ADJ - EU Labour Force Survey adjusted series","Unemployment rate by sex and age (%)","Sex: Total","Age (Youth, adults): 15+","2003M08",7.4,,"Adjustments: Estimation based on labour force survey and registered unemployment figures","Frequency: Monthly","Age coverage - maximum age: 74 years old"
"Romania","LFS-ADJ - EU Labour Force Survey adjusted series","Unemployment rate by sex and age (%)","Sex: Total","Age (Youth, adults): 15+","2003M07",7.3,,"Adjustments: Estimation based on labour force survey and registered unemployment figures","Frequency: Monthly","Age coverage - maximum age: 74 years old"
"Romania","LFS-ADJ - EU Labour Force Survey adjusted series","Unemployment rate by sex and age (%)","Sex: Total","Age (Youth, adults): 15+","2003M06",7.2,,"Adjustments: Estimation based on labour force survey and registered unemployment figures","Frequency: Monthly","Age coverage - maximum age: 74 years old"
"Romania","LFS-ADJ - EU Labour Force Survey adjusted series","Unemployment rate by sex and age (%)","Sex: Total","Age (Youth, adults): 15+","2003M05",7.6,,"Adjustments: Estimation based on labour force survey and registered unemployment figures","Frequency: Monthly","Age coverage - maximum age: 74 years old"
"Romania","LFS-ADJ - EU Labour Force Survey adjusted series","Unemployment rate by sex and age (%)","Sex: Total","Age (Youth, adults): 15+","2003M04",7.7,,"Adjustments: Estimation based on labour force survey and registered unemployment figures","Frequency: Monthly","Age coverage - maximum age: 74 years old"
"Romania","LFS-ADJ - EU Labour Force Survey adjusted series","Unemployment rate by sex and age (%)","Sex: Total","Age (Youth, adults): 15+","2003M03",8.3,,"Adjustments: Estimation based on labour force survey and registered unemployment figures","Frequency: Monthly","Age coverage - maximum age: 74 years old"
"Romania","LFS-ADJ - EU Labour Force Survey adjusted series","Unemployment rate by sex and age (%)","Sex: Total","Age (Youth, adults): 15+","2003M02",8.3,,"Adjustments: Estimation based on labour force survey and registered unemployment figures","Frequency: Monthly","Age coverage - maximum age: 74 years old"
"Romania","LFS-ADJ - EU Labour Force Survey adjusted series","Unemployment rate by sex and age (%)","Sex: Total","Age (Youth, adults): 15+","2003M01",8,,"Adjustments: Estimation based on labour force survey and registered unemployment figures","Frequency: Monthly","Age coverage - maximum age: 74 years old"
"Romania","LFS-ADJ - EU Labour Force Survey adjusted series","Unemployment rate by sex and age (%)","Sex: Total","Age (Youth, adults): 15+","2002M12",7.5,,"Adjustments: Estimation based on labour force survey and registered unemployment figures","Frequency: Monthly","Age coverage - maximum age: 74 years old"
"Romania","LFS-ADJ - EU Labour Force Survey adjusted series","Unemployment rate by sex and age (%)","Sex: Total","Age (Youth, adults): 15+","2002M11",7.5,,"Adjustments: Estimation based on labour force survey and registered unemployment figures","Frequency: Monthly","Age coverage - maximum age: 74 years old"
"Romania","LFS-ADJ - EU Labour Force Survey adjusted series","Unemployment rate by sex and age (%)","Sex: Total","Age (Youth, adults): 15+","2002M10",7.9,,"Adjustments: Estimation based on labour force survey and registered unemployment figures","Frequency: Monthly","Age coverage - maximum age: 74 years old"
"Romania","LFS-ADJ - EU Labour Force Survey adjusted series","Unemployment rate by sex and age (%)","Sex: Total","Age (Youth, adults): 15+","2002M09",7.7,,"Adjustments: Estimation based on labour force survey and registered unemployment figures","Frequency: Monthly","Age coverage - maximum age: 74 years old"
"Romania","LFS-ADJ - EU Labour Force Survey adjusted series","Unemployment rate by sex and age (%)","Sex: Total","Age (Youth, adults): 15+","2002M08",8.1,,"Adjustments: Estimation based on labour force survey and registered unemployment figures","Frequency: Monthly","Age coverage - maximum age: 74 years old"
"Romania","LFS-ADJ - EU Labour Force Survey adjusted series","Unemployment rate by sex and age (%)","Sex: Total","Age (Youth, adults): 15+","2002M07",8.2,,"Adjustments: Estimation based on labour force survey and registered unemployment figures","Frequency: Monthly","Age coverage - maximum age: 74 years old"
"Romania","LFS-ADJ - EU Labour Force Survey adjusted series","Unemployment rate by sex and age (%)","Sex: Total","Age (Youth, adults): 15+","2002M06",8.3,,"Adjustments: Estimation based on labour force survey and registered unemployment figures","Frequency: Monthly","Age coverage - maximum age: 74 years old"
"Romania","LFS-ADJ - EU Labour Force Survey adjusted series","Unemployment rate by sex and age (%)","Sex: Total","Age (Youth, adults): 15+","2002M05",8.3,,"Adjustments: Estimation based on labour force survey and registered unemployment figures","Frequency: Monthly","Age coverage - maximum age: 74 years old"
"Romania","LFS-ADJ - EU Labour Force Survey adjusted series","Unemployment rate by sex and age (%)","Sex: Total","Age (Youth, adults): 15+","2002M04",8.7,,"Adjustments: Estimation based on labour force survey and registered unemployment figures","Frequency: Monthly","Age coverage - maximum age: 74 years old"
"Romania","LFS-ADJ - EU Labour Force Survey adjusted series","Unemployment rate by sex and age (%)","Sex: Total","Age (Youth, adults): 15+","2002M03",9.3,,"Adjustments: Estimation based on labour force survey and registered unemployment figures","Frequency: Monthly","Age coverage - maximum age: 74 years old"
"Romania","LFS-ADJ - EU Labour Force Survey adjusted series","Unemployment rate by sex and age (%)","Sex: Total","Age (Youth, adults): 15+","2002M02",9.2,,"Adjustments: Estimation based on labour force survey and registered unemployment figures","Frequency: Monthly","Age coverage - maximum age: 74 years old"
"Romania","LFS-ADJ - EU Labour Force Survey adjusted series","Unemployment rate by sex and age (%)","Sex: Total","Age (Youth, adults): 15+","2002M01",9.1,,"Adjustments: Estimation based on labour force survey and registered unemployment figures","Frequency: Monthly","Age coverage - maximum age: 74 years old"
"Romania","LFS-ADJ - EU Labour Force Survey adjusted series","Unemployment rate by sex and age (%)","Sex: Total","Age (Youth, adults): 15+","2001M12",8.2,,"Adjustments: Estimation based on labour force survey and registered unemployment figures","Frequency: Monthly","Age coverage - maximum age: 74 years old"
"Romania","LFS-ADJ - EU Labour Force Survey adjusted series","Unemployment rate by sex and age (%)","Sex: Total","Age (Youth, adults): 15+","2001M11",7.8,,"Adjustments: Estimation based on labour force survey and registered unemployment figures","Frequency: Monthly","Age coverage - maximum age: 74 years old"
"Romania","LFS-ADJ - EU Labour Force Survey adjusted series","Unemployment rate by sex and age (%)","Sex: Total","Age (Youth, adults): 15+","2001M10",7.5,,"Adjustments: Estimation based on labour force survey and registered unemployment figures","Frequency: Monthly","Age coverage - maximum age: 74 years old"
"Romania","LFS-ADJ - EU Labour Force Survey adjusted series","Unemployment rate by sex and age (%)","Sex: Total","Age (Youth, adults): 15+","2001M09",7,,"Adjustments: Estimation based on labour force survey and registered unemployment figures","Frequency: Monthly","Age coverage - maximum age: 74 years old"
"Romania","LFS-ADJ - EU Labour Force Survey adjusted series","Unemployment rate by sex and age (%)","Sex: Total","Age (Youth, adults): 15+","2001M08",6.9,,"Adjustments: Estimation based on labour force survey and registered unemployment figures","Frequency: Monthly","Age coverage - maximum age: 74 years old"
"Romania","LFS-ADJ - EU Labour Force Survey adjusted series","Unemployment rate by sex and age (%)","Sex: Total","Age (Youth, adults): 15+","2001M07",6.8,,"Adjustments: Estimation based on labour force survey and registered unemployment figures","Frequency: Monthly","Age coverage - maximum age: 74 years old"
"Romania","LFS-ADJ - EU Labour Force Survey adjusted series","Unemployment rate by sex and age (%)","Sex: Total","Age (Youth, adults): 15+","2001M06",6.8,,"Adjustments: Estimation based on labour force survey and registered unemployment figures","Frequency: Monthly","Age coverage - maximum age: 74 years old"
"Romania","LFS-ADJ - EU Labour Force Survey adjusted series","Unemployment rate by sex and age (%)","Sex: Total","Age (Youth, adults): 15+","2001M05",6.9,,"Adjustments: Estimation based on labour force survey and registered unemployment figures","Frequency: Monthly","Age coverage - maximum age: 74 years old"
"Romania","LFS-ADJ - EU Labour Force Survey adjusted series","Unemployment rate by sex and age (%)","Sex: Total","Age (Youth, adults): 15+","2001M04",7.1,,"Adjustments: Estimation based on labour force survey and registered unemployment figures","Frequency: Monthly","Age coverage - maximum age: 74 years old"
"Romania","LFS-ADJ - EU Labour Force Survey adjusted series","Unemployment rate by sex and age (%)","Sex: Total","Age (Youth, adults): 15+","2001M03",7.7,,"Adjustments: Estimation based on labour force survey and registered unemployment figures","Frequency: Monthly","Age coverage - maximum age: 74 years old"
"Romania","LFS-ADJ - EU Labour Force Survey adjusted series","Unemployment rate by sex and age (%)","Sex: Total","Age (Youth, adults): 15+","2001M02",7.9,,"Adjustments: Estimation based on labour force survey and registered unemployment figures","Frequency: Monthly","Age coverage - maximum age: 74 years old"
"Romania","LFS-ADJ - EU Labour Force Survey adjusted series","Unemployment rate by sex and age (%)","Sex: Total","Age (Youth, adults): 15+","2001M01",8.1,,"Adjustments: Estimation based on labour force survey and registered unemployment figures","Frequency: Monthly","Age coverage - maximum age: 74 years old"
"Romania","LFS-ADJ - EU Labour Force Survey adjusted series","Unemployment rate by sex and age (%)","Sex: Total","Age (Youth, adults): 15+","2000M12",7.8,,"Adjustments: Estimation based on labour force survey and registered unemployment figures","Frequency: Monthly","Age coverage - maximum age: 74 years old"
"Romania","LFS-ADJ - EU Labour Force Survey adjusted series","Unemployment rate by sex and age (%)","Sex: Total","Age (Youth, adults): 15+","2000M11",7.8,,"Adjustments: Estimation based on labour force survey and registered unemployment figures","Frequency: Monthly","Age coverage - maximum age: 74 years old"
"Romania","LFS-ADJ - EU Labour Force Survey adjusted series","Unemployment rate by sex and age (%)","Sex: Total","Age (Youth, adults): 15+","2000M10",7.7,,"Adjustments: Estimation based on labour force survey and registered unemployment figures","Frequency: Monthly","Age coverage - maximum age: 74 years old"
"Romania","LFS-ADJ - EU Labour Force Survey adjusted series","Unemployment rate by sex and age (%)","Sex: Total","Age (Youth, adults): 15+","2000M09",7.4,,"Adjustments: Estimation based on labour force survey and registered unemployment figures","Frequency: Monthly","Age coverage - maximum age: 74 years old"
"Romania","LFS-ADJ - EU Labour Force Survey adjusted series","Unemployment rate by sex and age (%)","Sex: Total","Age (Youth, adults): 15+","2000M08",7.4,,"Adjustments: Estimation based on labour force survey and registered unemployment figures","Frequency: Monthly","Age coverage - maximum age: 74 years old"
"Romania","LFS-ADJ - EU Labour Force Survey adjusted series","Unemployment rate by sex and age (%)","Sex: Total","Age (Youth, adults): 15+","2000M07",7.4,,"Adjustments: Estimation based on labour force survey and registered unemployment figures","Frequency: Monthly","Age coverage - maximum age: 74 years old"
"Romania","LFS-ADJ - EU Labour Force Survey adjusted series","Unemployment rate by sex and age (%)","Sex: Total","Age (Youth, adults): 15+","2000M06",7.4,,"Adjustments: Estimation based on labour force survey and registered unemployment figures","Frequency: Monthly","Age coverage - maximum age: 74 years old"
"Romania","LFS-ADJ - EU Labour Force Survey adjusted series","Unemployment rate by sex and age (%)","Sex: Total","Age (Youth, adults): 15+","2000M05",7.3,,"Adjustments: Estimation based on labour force survey and registered unemployment figures","Frequency: Monthly","Age coverage - maximum age: 74 years old"
"Romania","LFS-ADJ - EU Labour Force Survey adjusted series","Unemployment rate by sex and age (%)","Sex: Total","Age (Youth, adults): 15+","2000M04",7.4,,"Adjustments: Estimation based on labour force survey and registered unemployment figures","Frequency: Monthly","Age coverage - maximum age: 74 years old"
"Romania","LFS-ADJ - EU Labour Force Survey adjusted series","Unemployment rate by sex and age (%)","Sex: Total","Age (Youth, adults): 15+","2000M03",7.7,,"Adjustments: Estimation based on labour force survey and registered unemployment figures","Frequency: Monthly","Age coverage - maximum age: 74 years old"
"Romania","LFS-ADJ - EU Labour Force Survey adjusted series","Unemployment rate by sex and age (%)","Sex: Total","Age (Youth, adults): 15+","2000M02",7.9,,"Adjustments: Estimation based on labour force survey and registered unemployment figures","Frequency: Monthly","Age coverage - maximum age: 74 years old"
"Romania","LFS-ADJ - EU Labour Force Survey adjusted series","Unemployment rate by sex and age (%)","Sex: Total","Age (Youth, adults): 15+","2000M01",7.9,,"Adjustments: Estimation based on labour force survey and registered unemployment figures","Frequency: Monthly","Age coverage - maximum age: 74 years old"
